{
 "pval": [ 2.909707, 2.697128,  2.64043, 2.522011, 1.786562, 1.569312, 1.268685,  1.04612, 0.9284125, 0.9284125, 0.9284125, 0.9284125, 0.9284125, 0.9284125, 0.8673242, 0.8215411, 0.8215411, 0.8215411, 0.7198771, 0.7090532, 0.7090532, 0.6937037, 0.5923032, 0.5146193, 0.4587828, 0.4178798, 0.4064481, 0.4033919, 0.4033919, 0.3739164, 0.3739164, 0.3720098, 0.344439, 0.3338004, 0.3310739, 0.3092548, 0.2964421, 0.2759454, 0.2759454, 0.2646806, 0.2646806, 0.2483437, 0.2360557, 0.2157965, 0.2118316, 0.1974931, 0.1803508, 0.1675358, 0.1648614, 0.1506912, 0.1506912, 0.1449596, 0.1258256, 0.1135036, 0.09583646, 0.09370807, 0.09370807, 0.09029959, 0.08142451, 0.08142451, 0.08142451, 0.08142451, 0.08013775, 0.08013775, 0.07087752, 0.06491111, 0.06178559, 0.06178559, 0.04866734, 0.04711558, 0.02766754, 0.02032873, 0.01923331, 0.01865716, 0.01845773, 0.01436698, 0.005779661, 0.001627306 ],
"enr": [ 3.873217, 1.881343, 1.969486, 2.242472, 1.991988, 1.283754, 1.936671, 2.065796, 7.746533, 7.746533, 7.746533, 7.746533, 7.746533, 7.746533,   1.4656, 2.582211, 2.582211, 2.582211, 1.787736, 2.213344, 2.213344, 1.549307,   1.4085, 1.106672, 1.173736, 1.017214, 1.223142, 1.936671, 1.936671, 1.291072, 1.291072, 1.106654, 1.068519, 1.010441, 1.549331, 1.056375, 1.106684, 1.291106, 1.291106, 1.032898, 1.032898,  0.92222, 0.9295984, 0.8938414, 0.9113693, 0.9683354, 0.8299903, 0.8216155, 0.8013891, 0.7746733, 0.7746733, 0.7746533, 0.7262516, 0.7308125, 0.6639959, 0.595912, 0.595912, 0.6736275, 0.5533422, 0.5533422, 0.5533422, 0.5533422, 0.5958943, 0.5958943, 0.5164489, 0.6197323, 0.4841677, 0.4841677, 0.6523689, 0.4303667, 0.3521251, 0.5908613, 0.4469207, 0.3098661, 0.5096476, 0.2869111, 0.2278423, 0.2539876 ],
"pathnames": [ "Ubiquinone Biosynthesis", "Glycerophospholipid metabolism", "Linoleate metabolism", "De novo fatty acid biosynthesis", "Fatty acid activation", "Tyrosine metabolism", "Fatty Acid Metabolism", "Biopterin metabolism", "Glycosphingolipid biosynthesis - lactoseries", "Blood Group Biosynthesis", "Glycosphingolipid biosynthesis - neolactoseries", "Keratan sulfate biosynthesis", "O-Glycan biosynthesis", "Vitamin B12 (cyanocobalamin) metabolism", "Drug metabolism - cytochrome P450", "Glycosphingolipid biosynthesis - ganglioseries", "C5-Branched dibasic acid metabolism", "Di-unsaturated fatty acid beta-oxidation", "Omega-3 fatty acid metabolism", "N-Glycan biosynthesis", "Glycosphingolipid biosynthesis - globoseries", "Hexose phosphorylation", "Vitamin B6 (pyridoxine) metabolism", "Glycine, serine, alanine and threonine metabolism", "Pentose phosphate pathway", "Urea cycle/amino group metabolism", "Selenoamino acid metabolism", "Proteoglycan biosynthesis", "Omega-6 fatty acid metabolism", "Pyruvate Metabolism", "Squalene and cholesterol biosynthesis", "Carnitine shuttle", "Galactose metabolism", "Methionine and cysteine metabolism", "Polyunsaturated fatty acid biosynthesis", "Fructose and mannose metabolism", "Glyoxylate and Dicarboxylate Metabolism", "Vitamin H (biotin) metabolism", "Benzoate degradation via CoA ligation", "Propanoate metabolism", "Starch and Sucrose Metabolism", "Xenobiotics metabolism", "Glycolysis and Gluconeogenesis", "Beta-Alanine metabolism", "Carbon fixation", "Vitamin D3 (cholecalciferol) metabolism", "Vitamin B3 (nicotinate and nicotinamide) metabolism", "Arginine and Proline Metabolism", "Glycosphingolipid metabolism", "Glutamate metabolism", "Prostaglandin formation from arachidonate", "Phytanic acid peroxisomal oxidation", "Bile acid biosynthesis", "Histidine metabolism", "Ascorbate (Vitamin C) and Aldarate Metabolism", "Chondroitin sulfate degradation", "Drug metabolism - other enzymes", "Valine, leucine and isoleucine degradation", "Sialic acid metabolism", "Keratan sulfate degradation", "Vitamin E metabolism", "Heparan sulfate degradation", "Arachidonic acid metabolism", "Porphyrin metabolism", "Androgen and estrogen biosynthesis and metabolism", "Lysine metabolism", "Phosphatidylinositol phosphate metabolism", "N-Glycan Degradation", "Tryptophan metabolism", "Leukotriene metabolism", "Glutathione Metabolism", "Aspartate and asparagine metabolism", "Butanoate metabolism", "C21-steroid hormone biosynthesis and metabolism", "Pyrimidine metabolism", "Aminosugars metabolism", "Alanine and Aspartate Metabolism", "Purine metabolism" ] 
}
