{
 "pval": [ 2.272857,  2.20088, 1.378741, 1.368343, 1.363954, 1.333033, 1.214044, 1.132603, 1.081367, 1.016554, 0.9459618,  0.93252, 0.9183287, 0.9183287,  0.86135, 0.8588639, 0.8184708, 0.8047093, 0.8047093, 0.7746907, 0.6987312, 0.6453538, 0.6441655, 0.6273641, 0.6153778, 0.5744495, 0.5721246, 0.5721246, 0.4851469, 0.4666347, 0.462773, 0.4481476, 0.4286173, 0.3951586, 0.3614908, 0.3403214, 0.3325844, 0.3233978, 0.3208175, 0.3074615, 0.2949835, 0.2949835, 0.2853099, 0.2687982, 0.2687982, 0.2687982, 0.2687982, 0.2267183, 0.2258628, 0.2258628, 0.2258628, 0.2237421, 0.1982534, 0.1913232, 0.1868929, 0.1861656, 0.1809696, 0.1729216, 0.1696937, 0.1630622, 0.1630622, 0.1548709, 0.1548709, 0.1276164, 0.1202277, 0.1200616, 0.1152216, 0.1035454, 0.09743691, 0.08874116, 0.0775704, 0.0775704, 0.0775704, 0.0775704, 0.07489427, 0.07489427, 0.06732841, 0.06035597, 0.05852335, 0.05093217, 0.04825461, 0.03463835, 0.03375968, 0.02773698, 0.01725854, 0.01008321 ],
"enr": [ 4.326523, 5.678592, 3.244892, 1.892864, 1.539942, 2.523819, 2.839296, 3.785728, 1.747234,  2.01908, 3.028559, 1.892864, 7.571169, 7.571169, 2.064978, 1.362852, 1.112204, 2.523819, 2.523819, 1.892864, 1.747234, 1.124438, 3.785728, 1.261898, 1.352046, 1.147184,  1.51431,  1.51431, 1.261909,  1.18304, 1.514234, 1.211424, 1.261883, 1.892864, 1.261909, 0.9875785, 1.009523,  1.51428, 1.164822, 0.9962342, 1.032453, 1.032453, 1.081607, 1.261909, 1.261909, 1.261909, 1.261909, 0.946432, 1.081631, 1.081631, 1.081631, 0.9085678, 0.8571429, 0.946432, 0.8412693, 0.8412787, 0.8412552, 0.8185316, 0.8412606, 0.8412552, 0.8412552, 0.7832489, 0.7832489, 0.7887057, 0.7423023, 0.688326, 0.744731, 0.6309546, 0.6680622, 0.6489854, 0.5408036, 0.5408036, 0.5408036, 0.5408036, 0.5824112, 0.5824112, 0.5047701, 0.6489784, 0.473216, 0.4453748, 0.5047573, 0.4588735, 0.3785728, 0.4326569, 0.5047599, 0.261083 ],
"pathnames": [ "Hyaluronan Metabolism", "Mono-unsaturated fatty acid beta-oxidation", "CoA Catabolism", "Carnitine shuttle", "Linoleate metabolism", "Ubiquinone Biosynthesis", "Vitamin B5 - CoA biosynthesis from pantothenate", "Proteoglycan biosynthesis", "Porphyrin metabolism", "Starch and Sucrose Metabolism", "Nucleotide Sugar Metabolism", "Vitamin A (retinol) metabolism", "Dynorphin metabolism", "Vitamin B12 (cyanocobalamin) metabolism", "Pentose and Glucuronate Interconversions", "Lysine metabolism", "Tyrosine metabolism", "Di-unsaturated fatty acid beta-oxidation", "Saturated fatty acids beta-oxidation", "Alkaloid biosynthesis II", "Omega-3 fatty acid metabolism", "Urea cycle/amino group metabolism", "1- and 2-Methylnaphthalene degradation", "Xenobiotics metabolism", "Vitamin B3 (nicotinate and nicotinamide) metabolism", "Arginine and Proline Metabolism", "Biopterin metabolism", "Androgen and estrogen biosynthesis and metabolism", "Fatty Acid Metabolism", "Bile acid biosynthesis", "Phytanic acid peroxisomal oxidation", "C21-steroid hormone biosynthesis and metabolism", "Selenoamino acid metabolism", "Omega-6 fatty acid metabolism", "TCA cycle", "Glycine, serine, alanine and threonine metabolism", "Methionine and cysteine metabolism", "Polyunsaturated fatty acid biosynthesis", "Chondroitin sulfate degradation", "De novo fatty acid biosynthesis", "Glutathione Metabolism", "Vitamin B6 (pyridoxine) metabolism", "Heparan sulfate degradation", "Glycosphingolipid biosynthesis - ganglioseries", "C5-Branched dibasic acid metabolism", "Parathio degradation", "Vitamin H (biotin) metabolism", "Phosphatidylinositol phosphate metabolism", "Vitamin B2 (riboflavin) metabolism", "Vitamin B1 (thiamin) metabolism", "Glycosphingolipid biosynthesis - globoseries", "Glycolysis and Gluconeogenesis", "Histidine metabolism", "Putative anti-Inflammatory metabolites formation from EPA", "Valine, leucine and isoleucine degradation", "Aminosugars metabolism", "Leukotriene metabolism", "Drug metabolism - cytochrome P450", "Aspartate and asparagine metabolism", "Vitamin B9 (folate) metabolism", "Limonene and pinene degradation", "Glycosphingolipid metabolism", "Glutamate metabolism", "Tryptophan metabolism", "Butanoate metabolism", "Squalene and cholesterol biosynthesis", "Purine metabolism", "Pyruvate Metabolism", "Alanine and Aspartate Metabolism", "Fatty acid activation", "Sialic acid metabolism", "Keratan sulfate degradation", "Propanoate metabolism", "Vitamin E metabolism", "Arachidonic acid metabolism", "Beta-Alanine metabolism", "Nitrogen metabolism", "Glycerophospholipid metabolism", "N-Glycan Degradation", "Carbon fixation", "Prostaglandin formation from arachidonate", "Pentose phosphate pathway", "Hexose phosphorylation", "Ascorbate (Vitamin C) and Aldarate Metabolism", "Pyrimidine metabolism", "Galactose metabolism" ] 
}
