{
 "pval": [ 2.636821, 2.071973,   1.4611, 0.9355795, 0.8519838, 0.8519838, 0.8210806, 0.7296706, 0.7215665, 0.7215665, 0.695919, 0.5898641, 0.5827775, 0.5039842, 0.4981742, 0.4905824, 0.4502368, 0.4341758, 0.4261657, 0.4027547, 0.4027547, 0.3919556, 0.327782, 0.3261132, 0.3232972, 0.2970011, 0.2938884, 0.2895949, 0.2840217, 0.2840217, 0.2734276, 0.2600244, 0.2479362, 0.2233424, 0.2233424, 0.2233424, 0.2221746, 0.2168399, 0.2168399, 0.2149265, 0.2094263, 0.1899087, 0.1899087, 0.189371, 0.1839311, 0.1839311, 0.1839311, 0.1839311, 0.1526989, 0.1526989, 0.1513922, 0.1384596, 0.128322, 0.1265689, 0.1218345, 0.1086187, 0.1036612, 0.09792092, 0.0877301, 0.07618628, 0.06452296, 0.06452296, 0.05644613, 0.05475305, 0.05197357, 0.04653509, 0.04566099, 0.04566099, 0.03373621, 0.02454521, 0.009368162, 0.005467294, 0.002002364 ],
"enr": [ 3.032009, 1.321489, 1.350917, 1.516005, 6.497304, 6.497304, 1.421262, 1.476625, 1.392273, 1.392273, 2.165744, 1.856321, 1.111396, 1.392241,  1.08289, 1.103293, 1.299433, 1.443835,   1.1813, 1.218225, 1.218225, 1.039555, 0.9574614, 1.181335, 0.9887006, 0.9844264, 0.9995752, 0.9416196, 1.082896, 1.082896, 0.9554749, 0.9745955, 0.9995502, 1.082872, 1.082872, 1.082872, 0.8961577, 0.9281604, 0.9281604, 0.8809602, 0.885975, 0.8662884, 0.8662884, 0.8474576, 0.9281604, 0.9281604, 0.9281604, 0.9281604, 0.8121498, 0.8121498, 0.7796663, 0.7643799, 0.7219174, 0.7708572, 0.7219174, 0.7455771, 0.7023952, 0.6721183, 0.6497163, 0.5414478, 0.4997751, 0.4997751, 0.6247345, 0.4640802, 0.5197775, 0.4331442, 0.4997876, 0.4997876, 0.3821899, 0.3419622, 0.4640802, 0.3093916, 0.1856355 ],
"pathnames": [ "Biopterin metabolism", "Tyrosine metabolism", "Urea cycle/amino group metabolism", "Prostaglandin formation from arachidonate", "Dynorphin metabolism", "Vitamin B12 (cyanocobalamin) metabolism", "Bile acid biosynthesis", "Fructose and mannose metabolism", "Carnitine shuttle", "Vitamin B3 (nicotinate and nicotinamide) metabolism", "C5-Branched dibasic acid metabolism", "Vitamin B1 (thiamin) metabolism", "Pyrimidine metabolism", "Keratan sulfate degradation", "Arginine and Proline Metabolism", "Histidine metabolism", "Nitrogen metabolism", "Vitamin B9 (folate) metabolism", "Vitamin B6 (pyridoxine) metabolism", "Phosphatidylinositol phosphate metabolism", "N-Glycan Degradation", "Lysine metabolism", "Tryptophan metabolism", "Pentose and Glucuronate Interconversions", "Valine, leucine and isoleucine degradation", "Pentose phosphate pathway", "Beta-Alanine metabolism", "Glycine, serine, alanine and threonine metabolism", "TCA cycle", "Ubiquinone Biosynthesis", "Alanine and Aspartate Metabolism", "Hexose phosphorylation", "Chondroitin sulfate degradation", "Glycosphingolipid biosynthesis - ganglioseries", "Vitamin H (biotin) metabolism", "D4&E4-neuroprostanes formation", "Galactose metabolism", "Sialic acid metabolism", "Heparan sulfate degradation", "Aspartate and asparagine metabolism", "Glutathione Metabolism", "Androgen and estrogen biosynthesis and metabolism", "Starch and Sucrose Metabolism", "Methionine and cysteine metabolism", "Hyaluronan Metabolism", "N-Glycan biosynthesis", "Vitamin B2 (riboflavin) metabolism", "Glycosphingolipid biosynthesis - globoseries", "Vitamin D3 (cholecalciferol) metabolism", "Putative anti-Inflammatory metabolites formation from EPA", "Glycolysis and Gluconeogenesis", "Ascorbate (Vitamin C) and Aldarate Metabolism", "Leukotriene metabolism", "Linoleate metabolism", "Aminosugars metabolism", "Purine metabolism", "Drug metabolism - cytochrome P450", "Glycosphingolipid metabolism", "Glutamate metabolism", "Pyruvate Metabolism", "Omega-3 fatty acid metabolism", "Drug metabolism - other enzymes", "Butanoate metabolism", "Vitamin E metabolism", "C21-steroid hormone biosynthesis and metabolism", "Propanoate metabolism", "Arachidonic acid metabolism", "Porphyrin metabolism", "Carbon fixation", "Selenoamino acid metabolism", "Glycerophospholipid metabolism", "Xenobiotics metabolism", "Fatty acid activation" ] 
}
